epoch,step,train_loss_epoch
0,4,36.75918960571289
1,9,23.425321578979492
2,14,23.594768524169922
