epoch,step,train_loss_epoch
0,4,38.2700080871582
1,9,24.12383460998535
2,14,23.832929611206055
